Birmingham,Alabama
Huntsville,Alabama
Mobile,Alabama
Montgomery,Alabama
Fort Smith,Arkansas
Little Rock,Arkansas
North Little Rock,Arkansas
Apalachicola,Florida
Daytona Beach,Florida
Fort Myers,Florida
Gainesville,Florida
Jacksonville,Florida
Key West,Florida
Miami,Florida
Orlando,Florida
Pensacola,Florida
Tallahassee,Florida
Tampa,Florida
Vero Beach,Florida
West Palm Beach,Florida
Athens,Georgia
Atlanta,Georgia
Augusta,Georgia
Columbus,Georgia
Macon,Georgia
Savannah,Georgia
Bowling Green,Kentucky
Jackson,Kentucky
Lexington,Kentucky
Louisville,Kentucky
Paducah,Kentucky
Baton Rouge,Louisiana
Lake Charles,Louisiana
New Orleans,Louisiana
Shreveport,Louisiana
Jackson,Mississippi
Meridian,Mississippi
Tupelo,Mississippi
Asheville,North Carolina
Cape Hatteras,North Carolina
Charlotte,North Carolina
Greensboro,North Carolina
Winston-Salem,North Carolina
High Point,North Carolina
Raleigh,North Carolina
Wilmington,North Carolina
Charleston,South Carolina
Columbia,South Carolina
Greenville,South Carolina
Spartanburg,South Carolina
Bristol,Tennessee
Johnson City,Tennessee
Kingsport,Tennessee
Chattanooga,Tennessee
Knoxville,Tennessee
Memphis,Tennessee
Nashville,Tennessee
Oak Ridge,Tennessee
Dulles,Virginia
Lynchburg,Virginia
Norfolk,Virginia
Richmond,Virginia
Roanoke,Virginia
Beckley,West Virginia
Charleston,West Virginia
Elkins,West Virginia
Huntington,West Virginia